channel_id,total_gmv,avg_gmv,target_achievement,gmv_yoy,roas,return_rate,lifecycle_stage
AMZ,2660327.01,110846.95874999999,0.9187500000000001,0.09411,2.934,0.10101,导入期
DTC,2935193.83,122299.74291666667,0.9175,0.107285,3.2560000000000002,0.08209999999999999,成长期
Instagram,3076562.41,128190.10041666667,0.99125,0.11666000000000001,3.1265,0.08155,成长期
TikTok,3271557.59,136314.89958333332,1.0108333333333335,0.12021,3.368,0.088405,成长期
