channel_id,traffic_pct_organic,traffic_pct_paid,traffic_pct_influencer,sessions,roas估算
AMZ,0.3305,0.28500000000000003,0.126,945814,854.985294148744
DTC,0.3705,0.28650000000000003,0.135,1195857,1095.9886641964717
Instagram,0.3525,0.2785,0.119,1210324,937.0800075021234
TikTok,0.3365,0.2995,0.1255,1063450,889.0883577037002
