channel,revenue,growth_rate,customer_count,lifecycle_stage
Amazon-US,237497.1143064025,31.8590629491784,3870,成长期
Amazon-EU,169224.36191350024,20.66725235401786,2025,成长期
DTC-US,87739.45917202775,13.737557519322694,3811,成长期
DTC-EU,227832.20391408936,12.455833825870272,3327,成长期
TikTok-US,175091.8234069293,-5.0553410544966155,920,衰退期
TikTok-UK,595272.1655497539,-16.08480840799866,949,衰退期
