brand,post_cnt,positive_rate
Medela,53,0.5471698113207547
Momcozy,284,0.49295774647887325
Spectra,124,0.5403225806451613
其他,39,0.358974358974359
